Time,34,Rajendra_nagar2,Rajendra_nagar1,Bademakan,Kesare,Rajiv_nagar_II,Veeranageeri,NR_mohalla2,NR_mohalla1,Rajiv_nagar_I,Tippu_park,80,78,76,74,72,70,68,66,65,40,35,3,
0,0.521374,0.557197,0.400292,0.962253,0.724147,0.559228,1.197191,2.002653,0.652366,0.411281,0.644340,0.000000,12.934751,6.616783,12.358739,31.409138,31.543951,21.197243,42.928371,72.824295,21.383589,19.763254,15.985882,
1,1.485425,4.908221,8.707588,19.949951,36.120003,10.584832,9.746839,20.801773,9.911064,9.970141,10.058728,0.000000,12.934751,6.616783,12.358739,31.409138,31.543951,21.197243,42.928371,72.824295,21.383589,19.763254,15.985882,
